type,title,lead,authors,source,status,indication,therapeutic_area,Pubmedid,Doi,Pdf_file,year,Journal,Authors,Abstract
Oral presentation,Second Interim Analysis of a Phase 3 Study of Idelalisib (ZYDELIG) Plus Rituximab (R) for Relapsed Chronic Lymphocytic Leukemia (CLL): Efficacy Analysis in Patient Subpopulations with Del(17p) and Other Adverse Prognostic Factors,Wendy Jiang,"Sharman JP, Coutre SE, Furman RR, Cheson BD, Pagel JM, Hillmen PM, Barrientos JC, Zelenetz AD, Kipps TJ, Flinn IW, Ghia P, Hallek M, Coiffier B, O'Brien S, Tausch E, Kreuzer K, Jiang W, Lazarov M, Li D, Jahn TM, Stilgenbauer S ",ASH 2014,Published,Ono,Oncology,,,,2014,,,
Poster,"Efficacy of idelalisib in CLL subpopulations harbouring del(17p) and other adverse prognostic factors: Results from a phase 3, randomized, double-blind, placebo-controlled trial",Wendy Jiang,"Coutre S, Stilgenbauer S, Furman R, Cheson B, Pagel J, Hillmen P, Barrientos J, Zelenetz A, Kipps T, Flinn I, Ghia P, Hallek M, Coiffier B, O'Brien S, Kreuzer K, Tausch E, Jiang W, Jahn T, Lazarov M, Sharman J ",ASHAA 2014,Published,Ono,Oncology,,,,2014,,,
Poster,"Effect Of Idelalisib/Rituximab Combination Treatment Of Relapsed CLL On The Bcr Signaling-Related Chemokines CCL3 And CCL4: Data From A Phase 3, Randomized, Double-Blind, Placebo-Controlled Trial",Wendy Jiang,"Ghia P, Coutre S, Furman R, Cheson B, Pagel J, Hillmen P, Barrientos J, Zelenetz A, Kipps T, Flinn I, Hallek M, Coiffier B, O'brien S, Stilgenbauer S, Jiang W, Jahn T, Wong M, Lazarov M, Sharman J ",EHA 2014,Published,Ono,Oncology,,,,2014,,,
Oral presentation,"Efficacy of idelalisib in CLL subpopulations harboring del(17p) and other adverse prognostic factors: results from a phase 3, randomized, double-blind, placebo-controlled trial",Wendy Jiang,"Stilgenbauer S, Coutre S, Furman R, Cheson B, Pagel J, Hillmen P, Barrientos J, Zelenetz A, Kipps T, Flinn I, Ghia P, Hallek M, Coiffier B, O'Brien S, Tausch E, Kreuzer K, Jiang W, Jahn T, Lazarov M, Sharman J ",EHA 2014,Published,Ono,Oncology,,,,2014,,,
Poster,"Efficacy of idelalisib in CLL subpopulations harboring del(17p) and other adverse prognostic factors: Results from a phase 3, randomized, double-blind, placebo-controlled trial",Wendy Jiang,"Sharman JP, Coutre SE, Furman RR, Cheson BD, Pagel JM, Hillmen P, Barrientos JC, Zelenetz AD, Kipps TJ, Flinn I, Ghia P, Hallek MJ, Coiffier B, O'Brien SM, Tausch E, Kreuzer KA, Jiang W, Jahn TM, Lazarov M, Stilgenbauer S ",ASCO 2014,Published,Ono,Oncology,,,,2014,,,
Poster,"Efficacy of Idelalisib in CLL Subpopulations Harboring Del(17p) and Other Adverse Prognostic Factors: Results from a Phase 3, Randomized, Double-blind, Placebo-controlled Trial",Wendy Jiang,"Sharman JP, Coutre SE, Furman RR, Cheson BD, Pagel JM, Hillmen P, Barrientos JC, Zelenetz AD, Kipps TJ, Flinn I, Ghia P, Hallek MJ, Coiffier B, O'Brien SM, Tausch E, Kreuzer KA, Jiang W, Jahn TM, Lazarov M, Stilgenbauer S",IEHC 2014,Published,Ono,Oncology,,,,2014,,,
Poster,"A phase 1 pharmacodynamic study of the JAK1/2 inhibitor Momelotinib reveals prolonged
biological responses due to attenuation of total STAT3 levels in whole blood",Wendy Jiang,"Kwei K, Johnson A, Jiang W, Saddier-Axe D, Wang H, Vimal M, Xin Y, Jun S, Reddy A",ASCO 2015,Published,Oncology,Oncology,,,,2015,,,
Poster,Second interim analysis of a phase 3 study of idelalisib plus rituximab (R) for relapsed chronic lymphocytic leukaemia (CLL): Efficacy analysis in patient subpopulations with Del(17p) and other adverse prognostic factors,Wendy Jiang,"Munir T, Hillmen P, Sharman J, Coutre S, Furman R, Cheson B, Pagel J, Barrientos J, Zelenetz A, Kipps T, Flinn I, Ghia P, Hallek M, Coiffier B, O'Brien S, Tausch E, Kreuzer K, Jiang W, Lazarov M, Li D, Jahn T, Stilgenbauer S ",British Journal of Haematology 2015,Published,Oncology,Oncology,,,,2015,,,
Poster,Deletion of APOBEC3B Is Associated With Hepatitis B e Antigen Status in Patients With Chronic HBV Infection,Ondrej Podlaha,"Thompson A, Podlaha O, Jiang Z, Guo X, Zhuo L, Ge D, Gaggar A, Subramanian M, Goldstein D, Chan HL, Gane E, Janssen H",EASL 2015,Published,Virology,Virology,,,,2015,,,
Poster,Biologic Responses to GS-4774 in Virally-Suppressed Chronic HBV Patients,Ondrej Podlaha,"Ferrari C, Gane E, Han S, Fessel J, Trinh H, Rodell T, Gaggar A, Massetto B, Podlaha O, Johnson A, Peiser L, Woo J, Subramanian M, McHutchison J, Gordon S, Pan C, Lee H, Lok A",EASL 2015,Published,Virology,Virology,,,,2015,,,
Poster,Soluble intercellular adhesion molecule-1 is associated with hepatocellular carcinoma risk: multiplex analysis of serum markers,Ondrej Podlaha/Biao Li,"Chen VL, Le AK, Podlaha O, Estevez J, Li B, Vutien P, Chang ET, Rosenberg-Hasson Y, Pflanz S, Jiang Z, Ge D, Gaggar A, Nguyen MH",EASL 2016,Published,HBV,Virology,,,,2016,,,
Poster,"Differential serum cytokine profiles in patients with chronic hepatitis B, C, and hepatocellular carcinoma",Ondrej Podlaha/Biao Li,"Estevez J, Chen VL, Podlaha O, Li B, Le A, Vutien P, Chang ET, Rosenberg-Hasson Y, Jiang Z, Pflanz S, Ge D, Gaggar A, Nguyen MH",EASL 2016,Published,HBV,Virology,,,,2016,,,
Manuscript,Soluble intercellular adhesion molecule-1 is associated with hepatocellular carcinoma risk: multiplex analysis of serum markers,Ondrej Podlaha/Biao Li,"Chen VL, Le AK, Podlaha O, Estevez J, Li B, Vutien P, Chang ET, Rosenberg-Hasson Y, Pflanz S, Jiang Z, Ge D, Gaggar A, Nguyen MH",Scientific Reports,Published,HBV,Virology,,,,2017,,,
Manuscript,"Differential serum cytokine profiles in patients with chronic hepatitis B, C, and hepatocellular carcinoma",Ondrej Podlaha/Biao Li,"Estevez J, Chen VL, Podlaha O, Li B, Le A, Vutien P, Chang ET, Rosenberg-Hasson Y, Jiang Z, Pflanz S, Ge D, Gaggar A, Nguyen MH",Scientific Reports,Published,HBV,Virology,,,,2017,,,
Oral presentation,Whole-genome deep sequencing of hepatitis B virus in chronic hepatitis B patients reveals single nucleotide variants associated with baseline HBV DNA levels and HBeAg status,Ondrej Podlaha,"Podlaha O, Revill P, Bhardwaj N, Zhuo L, Kitrinos K, Gaggar A, Jiang Z, Marcellin P, Locarnini S, Chan HL",EASL 2017,Published,HBV,Virology,,,,2017,,,
Poster,"Systematic evaluation of transcriptome sequencing shows comparable profiles for an exome-capture method for formalin-fixed, paraffin-embedded (FFPE) breast cancer tissues and the standard poly-A method for matched fresh frozen (FF) tissues",Xi Zhao,"Zhao X, Zavodovskaya M, Zhuo L, Kwei K, Guo X, Jiang Z, Patterson SD and Brachmann CB",AACR 2017,Published,breast cancer,Oncology,,,2017_AACR_Poster_FFPE.pdf,2017,,,
Poster,Identification Of Novel Viral Single Nucleotide Variants Associated With Baseline HBV DNA Levels And HBeAg Status In Chronic Hepatitis B Patients.,Ondrej Podlaha,"Podlaha O, Gane E, Brunetto M, Fung S, Chuang W, Pan C, Jiang Z, Liu Y, Bhardwaj N, Mukherjee J, Flaherty J, Gaggar A, Subramanian M, Izumi N, Shalimar S, Lim YS, Marcellin P, Buti M, Chan HL, Agarwal K",AASLD 2017,Published,HBV,Virology,,,,2017,,,
Poster,Longitudinal Deep Sequencing Reveals Effect of TDF Treatment on HBV Diversity in Adolescents,Ondrej Podlaha,"Combet C, Bhardwaj N, Podlaha O, Wang H, Gaggar A, Kitrinos K, Murray KF, Zoulim F",AASLD 2017,Published,HBV,Virology,,,,2017,,,
Manuscript,DNA methylation signatures reflect aging in patients with nonalcoholic steatohepatitis,Yevgeniy Gindin,"Loomba R, Gindin Y, Jiang Z, Lawitz E, Caldwell S, Djedjos CS, Xu R, Chung C, Myers RP, Subramanian GM, Goodman Z",JCI Insight,Published,NASH,LDTA,29367468.0,10.1172/jci.insight.96685,,2018,JCI Insight; 2018 Jan 25; 3(2).,"Loomba R, Gindin Y, Jiang Z, Lawitz E, Caldwell S, Djedjos CS, Xu R, Chung C, Myers RP, Subramanian GM, Goodman Z, Charlton M, Afdhal NH, Diehl AM","A DNA methylation (DNAm) signature (the ""Horvath clock"") has been proposed as a measure of human chronological and biological age. We determined peripheral blood DNAm in patients with nonalcoholic steatohepatitis (NASH) and assessed whether accelerated aging occurs in these patients. DNAm signatures were obtained in patients with biopsy-proven NASH and stage 2-3 fibrosis. The DNAm profile from one test and two validation cohorts served as controls. Age acceleration was calculated as the difference between DNAm age and the predicted age based on the linear model derived from controls. Hepatic collagen content was assessed by quantitative morphometry. The Horvath clock accurately predicts the chronological age of the entire cohort. Age acceleration was observed among NASH subjects compared with control data sets and our test controls. Age acceleration in NASH subjects did not differ by fibrosis stage but correlated with hepatic collagen content. A set of 152 differentially methylated CpG islands between NASH subjects and controls identified gene set enrichment for transcription factors and developmental pathways. Patients with NASH exhibit epigenetic age acceleration that correlates with hepatic collagen content."
Oral presentation,Large-scale viral genome analysis identifies clinical associations in chronic hepatitis B patients,Ondrej Podlaha,"Podlaha O, Gane E, Brunetto M, Fung S, Chuang W, Pan C, Jiang Z, Liu Y, Bhardwaj N, Mukherjee J, Flaherty J, Gaggar A, Subramanian M, Izumi N, Shalimar S, Lim YS, Marcellin P, Buti M, Chan HL, Agarwal K",WCDD 2018,Published,HBV,Virology,,,,2018,,,
Poster,The JAK1-Selective Inhibitor Filgotinib Reverses the Disease-Associated Transcriptional Profile Found in the Blood of Patients with Active Rheumatoid Arthritis,Bryan Downie,"Taylor PC, Downie BR, Zhuo L, Gindin Y, Tarrant J, Galien R, Mirza AM",ACR 2018,Published,RA,Inflammation,,,Taylor_ACR 2018_DARWIN Biomarkers Poster_10-5-18.pdf,2018,,,
Poster,"GS-9876, a Novel, Highly Selective, SYK Inhibitor in Patients with Active Rheumatoid Arthritis: Safety, Tolerability and Efficacy Results of a Phase 2 Study",Wendy Jiang,"Kivitz A, Mehta D, Matzkies F, Kunder R,  Di Paolo J, Mozaffarian N, Hsueh S,  Kim J,  Jiang W, Liu L, Sundy J, Genovese M",ACR/ARHP 2018 ,Published,RA,Inflammation,,,,2018,,,
Poster,Effects of the JAK1-Selective Inhibitor Filgotinib on Gene Expression Profile in Blood of Patients With Active Rheumatoid Arthritis,Bryan Downie,"Taylor PC, Tarrant J, Zhuo L, Gindin Y, Mirza AM, Harrison P, Tasset C, Galien R, Van der Aa A, Downie BR",EULAR 2018,Published,RA,Inflammation,,,Taylor EULAR 2018 RNAseq.pdf,2018,,,
Poster,High Complete Remission Rates With Oral SYK Inhibitor Entospletinib in Acute Myeloid Leukemia Patients Associated With High HOXA9/MEIS1 Expression,Jinfeng Liu,"Liu J, Munugalavadla V, Oellerich T, Serve H, Byrd JC, Walker AR, Peach M, Patterson SD, Rao AV, Pan Y",EHA 2018,Published,AML,Oncology,,,2018_EHA_poster_ENTO_HoxMeis.pdf,2018,,,
Poster,Predictors of HBeAg Loss and Seroconversion by Clinical Features and Viral Sequencing after 144 Weeks of Treatment with Tenofovir Alafenamide or Tenofovir Disoproxil Fumarate,Ondrej Podlaha,"Kim YJ, Lim Y, Ma X, Shukla A, Trinh HN, Andreone P, Hwang J, Suri V, Wu G, Podlaha O, Gaggar A, Flaherty J, Chow W, Marcellin P, Izumi N",APASL 2018,Published,HBV,Virology,,,,2018,,,
Poster,Whole genome viral sequencing reveals subgenotype specific dynamics of antiviral treatment response in HBeAg positive and treatment naive chronic hepatitis B patients,Ondrej Podlaha,"Podlaha O, Agarwal K, Thompson A, Foster G, Samuel D, Yatsuhashi H, Gaggar A, Kitrinos K, Jiang Z, Tong M, Gane E, Brunett M",EASL 2018,Published,HBV,Virology,,,,2018,,,
Poster,Deep sequencing analysis highlights variations associated with HBeAg seroconversion in adolescents with chronic hepatitis B,Ondrej Podlaha,"Combet C, Bhardwaj N, Podlaha O, Gaggar A, Feierbach B, Kitrinos K, Murray K, Zoulim F",EASL 2018,Published,HBV,Virology,,,,2018,,,
Poster,Novel characterization of the gut microbiome in patients with NASH and longitudinal changes associated with histological improvement,Ondrej Podlaha/Yevgeniy Gindin,"Loomba R, Gindin Y, Podlaha O, Jiang Z, Lawitz E, Caldwell S, Djedjos S, Xu R, Gong D, Subramanian M, Myers R, Charlton M, Goodman Z, Diehl AM",EASL 2018,Published,HBV,Virology,,,,2018,,,
Poster,RNAseq RNAaccess is the preferred method for expression profiling of low quality FFPE gastric cancer samples,Emon Elboudwarej,"Elboudwarej E, Zavodovskaya M, Zhao Xi, Zhuo L, Brachmann CB and Liu J",AACR 2018,Published,,,,,2018 AACR FFPE vs. FF RNAseq RNAaccess Comparison - Poster,2018,,,
Abstract,Interrogation of T Cell Clones in Whole Blood from Acute Hepatitis B Patients during Diagnosis and at Follow up Visits Reveals Complex T Cell Dynamics,Biao Li,"Woo J, Li B, Hether T, Yusko E, Lau AH, Suri V, Gaggar A, Patterson SD",HEPATOLOGY,Published,HBV,Virology,,,,2018,,,
Poster,Are there different profiles in microRNA expression in HBV/HDV co-infected patients reflecting plasma HBsAg and HBcrAg concentrations?,Biao Li,"Carey I, Li B, Bruce M, Montague S, Gaggar A, Agarwal K",Journal of Hepatology,Published,HBV,Virology,,10.1016/S0168-8278(18)31843-9,2018_JoHepatology_poster_HBV.pdf,2018,,,
Oral presentation,"DNA Methylation and Immune Cell Markers Demonstrate Evidence of Accelerated Aging in Patients with Chronic HBV Infection, with Improvement During Treatment",Yevgeniy Gindin,"Gindin Y, Gaggar A , Kottilil S, Jiang Z,  McHutchison JG, Subramanian GM, Janssen HLA, Lok A, Ferrari C",EASL 2018,Published,HBV,Virology,,,,2018,,,
Manuscript,Genomic modeling of hepatitis B virus integration frequency in the human genome,Ondrej Podlaha,"Podlaha O,  Wu G,  Downie B,  Ramamurthy R, Gaggar A, Subramanian M, Ye Z, Jiang Z",PLoS ONE,Published,HBV,Virology,,,,2019,,,
Manuscript,Large-scale viral genome analysis identifies novel clinical associations between hepatitis B virus and chronically infected patients,Ondrej Podlaha,"Podlaha O, Gane E, Brunetto M, Fung S, Chuang W, Pan C, Jiang Z, Liu Y, Bhardwaj N, Mukherjee J, Flaherty J, Gaggar A, Subramanian M, Izumi N, Shalimar S, Lim YS, Marcellin P, Buti M, Chan HL, Agarwal K",Scientific Reports,Published,HBV,Virology,,,,2019,,,
Poster,A Composite IFN-Based Signature Is Associated with a Filgotinib-Specific Clinical Response in bDMARD-Experienced Rheumatoid Arthritis Patients,Bryan Downie,"Taylor PC, Downie BR, Elboudwarej E, Hawtin RE, Mirza AM, Liu J",ACR 2019,Published,RA,Inflammation,,,ACR 2019 IFN Signaling Poster_HR.pdf,2019,,,
Poster,bDMARD-Experienced Filgotinib-Treated Patient Samples Exhibit a Partial Reversion to the Peripheral Molecular Profile of a Demographically Matched Healthy Population,"Emon Elboudwarej, Bryan Downie","Taylor PC, Elboudwarej E, Downie BR, Vestergaard L, Liu J, Mirza AM, Hawtin RE",ACR 2019,Published,RA,Inflammation,,,ACR 2019 Transcriptional Cytokine Poster_HR.pdf,2019,,,
Poster,Key Inflammatory Biomarkers at Baseline are Associated with Filgotinib Response at Week 12 inRheumatoid Arthritis Patients with Inadequate Response or Intolerance to Biologic DMARDs,Emon Elboudwarej,"Taylor PC, Elboudwarej E, Downie BR, Hawtin RE, Liu J, Mirza AM",ACR 2019,Published,RA,Inflammation,,,ACR 2019 Biomarkers at baseline Poster_HR.pdf,2019,,,
Poster,Soluble Tumor Necrosis Factor Receptor 1 (sTNFR1) Is Prognostic for End-Stage Renal Disease (ESRD) Over 48 Weeks in a Randomized Clinical Trial in Moderate to Advanced Diabetic Kidney Disease (DKD),Lene Vestergaard,"Tarrant J, Vestergaard L, Elboudwarej E, Tian Y, Chen F, Patterson SD, Patel U, Pergola P, Chertow GM, Skupien J, Krolewski A",ASN 2019,Published,DKD,Inflammation,,,ASN_2019_Joslin_DKD_Poster.pdf,2019,,,
Poster,Filgotinib treatment provides rapid and sustained reduction of inflammatory biomarkers in moderate to severe psoriatic arthritis (PsA) patients,OhKyu Yoon,"Gladman DD, Yoon OK, Galien R, Jamoul C, Trivedi M, Mozaffarian N, Jiang W, Kim JY",EULAR 2019,Published,PsA,Inflammation,,,2019_EULAR_Poster_THU0031_PsA_MSD.pdf,2019,,,
Poster,Selective Inhibition of Janus Kinase 1 (JAK1) By Filgotinib Modulates the Disease-Associated Whole Blood Transcriptional Profileof Patients With Active Rheumatoid Arthritis,Bryan Downie,"Taylor PC, Downie BR, Zhuo L, Hawtin RE, Liu J, Mirza AM",EULAR 2019,Published,RA,Inflammation,,,2019 EULAR Poster FINCH2 RNAseq.pdf,2019,,,
Poster,"Filgotinib, a Selective Janus Kinase 1 (JAK1) Inhibitor, Modulates Disease‐Associated Cytokines in PatientsWith Active Rheumatoid Arthritis",Emon Elboudwarej,"Taylor PC,  Elboudwarej E, Li W, Hawtin RE, Liu J,Mirza AM",EULAR 2019,Published,RA,Inflammation,,,2019 EULAR Poster FINCH2 Cytokines.pdf,2019,,,
Poster,"GS-9876, a Novel, Highly Selective, SYK Inhibitor in Patients With Active Rheumatoid Arthritis:
Safety, Tolerability and Efficacy Results of a Phase 2 Study",Wendy Jiang,"Kivitz A, Mehta D, Matzkies K, Mozaffarian A, Kunder R,  Di Paolo J, Mozaffarian N, Hsueh S,  Kim J, Jiang W, Liu L, Sundy J, Genovese M",EULAR 2019,Published,RA ,Inflammation,,,2019_EULAR_poster_GS-9876.pdf,2019,,,
Poster,MACHINE LEARNING MODELS ACCURATELY INTERPRET LIVER HISTOLOGY IN PATIENTS WITH NONALCOHOLIC STEATOHEPATITIS (NASH),Yevgeniy Gindin,"Pokkalla H, Pethia H, Glass B, Kerner JK, Gindin Y, Han L, Huss R, Chung C, Djedjos S, Subramanian M, Myers RP, Resnick M, Harrison SA, Goodman ZD, Khosla S, Beck A, Wapinski I, Younossi ZM",AASLD2019,Published,NASH,LDTA,,,,2019,,,
Poster,MACHINE LEARNING FIBROSIS MODELS BASED ON LIVER HISTOLOGY IMAGES ACCURATELY CHARACTERIZE THE HETEROGENEITY OF CIRRHOSIS DUE TO NONALCOHOLIC STEATOHEPATITIS (NASH),Yevgeniy Gindin,"Younossi ZM, Pokkalla H, Pethia P, Glass B, Kerner JK, Gindin Y, Han L, Huss R, Chung C, Djedjos S, Subramanian M, Myers RP, Khosla A,  Resnick M, Harrison SA,  Anstee QM, Wong VWS, Wapinski I, Beck A, D Goodman ZD",AASLD2019,Published,NASH,LDTA,,,,2019,,,
Poster,RNA-SEQ FROM PATIENTS WITH PRIMARY SCLEROSING CHOLANGITIS IDENTIFIES A FIBROSIS-INDEPENDENT GENE EXPRESSION SIGNATURE THAT PREDICTS CLINICAL EVENTS,Yevgeniy Gindin,"Trauner MT, Gindin Y, Zhou JZ, Huss R, Chung C, Subramanian M, Myers RP, Goodman ZD, Bowlus CL, Levy C, Muir AJ, Manns MP",AASLD2019,Published,PSC,LDTA,,,,2019,,,
Poster,Methylation signatures in blood show accelerated epigenetic aging in patients with primary sclerosing cholangitis compared to healthy controls,Yevgeniy Gindin,"Trauner M, Gindin Y, Jiang Z, Chung C, Subramanian M, Myers R, Gulamhusein A, Kowdley KV, Cynthia L, Goodman Z, Manns MP, Bowlus C, Muir A",AASLD2019,Published,PSC,LDTA,,,,2019,,,
Poster,Global metabolomics of advanced gastric cancer patients identifies signatures associated with response and clinical benefit from nivolumab,Ondrej Podlaha/Emon Elboudwarej,"Brachmann CB, Cooper D , Wong K, Grant E, Catenacci D; Cunningham D, Metges JP, Van Cutsem E, Wainberg Z, Thai D, Bhargava P, Elboudwarej E, Podlaha O, Khan W, Wargo J, Shah M",Journal For Immunotherapy Of Cancer,Published,Gastric Cancer,Oncology,,,2019 SITC Andeca Metabolomics,2019,,,
Poster,BASELINE EPIGENETIC SIGNATURE RELATED TO HBsAg LOSS IN CHRONIC HEPATITIS B (CHB) PATIENTS,Yevgeniy Gindin,"Gindin Y, Suri V, Subramanian M, Jiang Z, Gaggar A",AASLD2019,published,HBV,Virology,,,,2019,,,
Poster,HBV Spliced DNA Forms Detected in Plasma in Majority of Chronically Infected Patients,Ondrej Podlaha,"Hedskog C, Chang S, Parhy B,  Burdette D, Podlaha O, Dvory-Sobol H, Chuang W, Agarwal K, Gane E, Gaggar A, Fletcher SP, Mo H, Svarovskaia E",EASL 2019,Published,HBV,Virology,,,,2019,,,
Poster,Host genome integration of hepatitis B is prolific and is the primary contributor to viral HBs antigen gene expression,Ondrej Podlaha,"Podlaha O,  Wu G,  Downie B,  Ramamurthy R, Gaggar A, Subramanian M, Ye Z, Jiang Z",EASL 2019,Published,HBV,Virology,,,,2019,,,
Poster,Genome analysis of NTCP pre-S1 binding domain favors New World primates as candidate hepatitis B model organism,Ondrej Podlaha,"Podlaha O,  Li B,  Cihlar T, Jiang Z",HBV International Meeting 2019,Published,HBV,Virology,,,,2019,,,
Poster,Exploratory Evaluation of Baseline Tumor Biomarkers and Their Association With Response and Survival in Patients With PreviouslyTreated Advanced Gastric Cancer Treated With AndecaliximabCombined With NivolumabVersus Nivolumab,Emon Elboudwarej,"Metges JP, Elboudwarej E, Cunningham D, Catenacci D, Van Cutsem E, Wainberg ZA, Zhang Y, Turner S, Thai D, Bhargava P, Shah MA, Brachmann CB",ASCO GI 2019,Published,Gastric Cancer,Oncology,,,2019 ASCO GI Andecaliximab Study 2013 Metabolomics - Poster,2019,,,
Poster,HER2 is Associated with Prolonged Survival in Advanced Gastroesophageal Adenocarcinoma Patients Treated with Checkpoint Blockade,Emon Elboudwarej/Jingzhou Zhou,"Brachmann CB, Elboudwarej E, Shah MA, Cunningham D, Metges JP, Van Cutsem E, Wainberg ZA, Zhou J, Thai D, Bhargava P, Catenacci D",SITC 2019,Published,Gastric Cancer,Oncology,,,2019 SITC Andeca HER2 IO - near final poster,2019,,,
Manuscript,Methylation signatures in peripheral blood are associated with marked age acceleration and disease progression in patients with primary sclerosing cholangitis,Yevgeniy Gindin,"Trauner M, Gindin Y, Jiang Z, Chung C, Subramanian GM, Myers RP, Gulamhusein A, Kowdley KV, Levy C, Goodman Z, Manns MP",Journal of Hepatology Reports,Published,PSC,LDTA,32039401.0,10.1016/j.jhepr.2019.11.004,,2020,JHEP Rep; 2020 Feb ; 2 (1) 100060.,"Trauner M, Gindin Y, Jiang Z, Chung C, Subramanian GM, Myers RP, Gulamhusein A, Kowdley KV, Levy C, Goodman Z, Manns MP, Muir AJ, Bowlus CL, ","Background & Aims: A DNA methylation (DNAm) signature derived from 353 CpG sites (the Horvath clock) has been proposed as an epigenetic measure of chronological and biological age. This epigenetic signature is accelerated in diverse tissue types in various disorders, including non-alcoholic steatohepatitis, and is associated with mortality. Here, we assayed whole blood DNAm to explore age acceleration in patients with primary sclerosing cholangitis (PSC). Methods: Using the MethylationEPIC BeadChip (850K) array, DNAm signatures in whole blood were analyzed in 36 patients with PSC enrolled in a 96-week trial of simtuzumab (Ishak F0-1, n = 13; F5-6, n = 23). Age acceleration was calculated as the difference between DNAm age and chronological age. Comparisons between patients with high and low age acceleration (>= vs. < the median) were made and Cox regression evaluated the association between age acceleration and PSC-related clinical events (e.g. decompensation, cholangitis, transplantation). Results: Age acceleration was significantly higher in patients with PSC compared to a healthy reference cohort (median, 11.1 years, p <2.2 x 10-16). In PSC, demographics, presence of inflammatory bowel disease, and ursodeoxycholic acid use were similar between patients with low and high age acceleration. However, patients with high age acceleration had increased serum alkaline phosphatase, gamma glutamyltransferase, alanine aminotransferase, enhanced liver fibrosis test scores, and greater hepatic collagen and alpha-smooth muscle actin expression on liver biopsy (all p <0.05). Moreover, patients with high age acceleration had an increased prevalence of cirrhosis (89% vs. 39%; p = 0.006) and greater likelihood of PSC-related events (hazard ratio 4.19; 95% CI 1.15-15.24). Conclusion: This analysis of blood DNAm profiles suggests that compared with healthy controls, patients with PSC - particularly those with cirrhosis - exhibit significant acceleration of epigenetic age. Future studies are required to evaluate the prognostic implications and effect of therapies on global methylation patterns and age acceleration in PSC. Lay summary: An epigenetic clock based on DNA methylation has been proposed as a marker of age. In liver diseases such as non-alcoholic steatohepatitis, age acceleration based on this epigenetic clock has been observed. Herein, we show that patients with primary sclerosing cholangitis have marked age acceleration, which is further accentuated by worsening fibrosis. This measure of age acceleration could be a useful marker for prognostication or risk stratification in primary sclerosing cholangitis."
Manuscript,Longitudinal analysis of serum microRNAs as predictors of cirrhosis regression during treatment of hepatitis B virus infection,Biao Li,"Orr C, Myers R, Li B, Jiang Z, Flaherty J, Gaggar A, Meissner EG",Liver International,Published,HBV,Virology,32301252.0,10.1111/liv.14474,2020_Liver-Int_manuscript_hbv_microRNA.pdf,2020,Liver Int.; 2020 Apr 16 .,"Orr C, Myers R, Li B, Jiang Z, Flaherty J, Gaggar A, Meissner EG, ","BACKGROUND AND AIMS: Most patients with cirrhosis induced by chronic HBV infection experience fibrosis regression after long-term antiviral treatment, while some remain cirrhotic. Fibrosis regression is associated with lower odds of developing hepatic decompensation and hepatocellular carcinoma, but mechanisms impacting differential fibrosis regression between individuals are unclear. We asked whether soluble molecules, including serum microRNAs, could serve as biomarkers of fibrosis regression. METHODS: We analyzed cryopreserved sera from clinical trials in which cirrhotic HBV-infected patients (baseline Ishak fibrosis score of 5-6) received 240 weeks of nucleotide analogue treatment. Liver biopsies at week 240 in these trials showed 71/96 patients (74%) had fibrosis regression (Ishak <= 4) while 25/96 (26%) remained cirrhotic (Ishak 5-6). We quantified inflammatory markers (CXCL10, soluble CD163) and miRNAs (n=179) from serum at baseline, week 48, and week 240 of treatment in a sub-cohort of patients with (n=14) or without (n=14) fibrosis regression. RESULTS: CXCL10, sCD163, and miRNAs previously associated with HBV replication and inflammation decreased during treatment but did not differ based on fibrosis regression. Two miRNAs (miR-421, miR-454-3p) had lower baseline expression in patients with subsequent fibrosis regression. 27 miRNAs differed at week 240 and had higher expression in patients with fibrosis regression (e.g. miR-199a-3p, miR-423-3p, miR-142-3p, miR-let-7d-5p). Several miRNAs (miR-141-3p, let-7d-5p) that correlated with regression have previously been implicated in the pathophysiology of non-alcoholic steatohepatitis. CONCLUSIONS: In cirrhotic patients with chronic HBV infection treated with antiviral therapy, serum miRNAs have differential expression based on fibrosis regression, suggesting potential utility as biomarkers."
Manuscript,Compassionate Use of Remdesivir for Patients with Severe Covid-19,Emon Elboudwarej,"Grein J, Ohmagari N, Shin D, Diaz G, Asperges E, Castagna A, Feldt T, Green G, Green ML, Lescure FX, Nicastri E, Oda R, Yo K, Quiros-Roldan E, Studemeister A, Redinski J, Ahmed S, Bernett J, Chelliah D, Chen D, Chihara S, Cohen SH, Cunningham J, D'Arminio Monforte A, Ismail S, Kato H, Lapadula G, L'Her E, Maeno T, Majumder S, Massari M, Mora-Rillo M, Mutoh Y, Nguyen D, Verweij E, Zoufaly A, Osinusi AO, DeZure A, Zhao Y, Zhong L, Chokkalingam A, Elboudwarej E, Telep L, Timbs L, Henne I, Sellers S, Cao H, Tan SK, Winterbourne L, Desai P, Mera R, Gaggar A, Myers RP, Brainard DM, Childs R, Flanigan T",New England Journal of Medicine,Published,COVID-19,Virology,32275812.0,10.1056/NEJMoa2007016,,2020,N. Engl. J. Med.; 2020 Apr 10 .,"Grein J, Ohmagari N, Shin D, Diaz G, Asperges E, Castagna A, Feldt T, Green G, Green ML, Lescure FX, Nicastri E, Oda R, Yo K, Quiros-Roldan E, Studemeister A, Redinski J, Ahmed S, Bernett J, Chelliah D, Chen D, Chihara S, Cohen SH, Cunningham J, D'Arminio Monforte A, Ismail S, Kato H, Lapadula G, L'Her E, Maeno T, Majumder S, Massari M, Mora-Rillo M, Mutoh Y, Nguyen D, Verweij E, Zoufaly A, Osinusi AO, DeZure A, Zhao Y, Zhong L, Chokkalingam A, Elboudwarej E, Telep L, Timbs L, Henne I, Sellers S, Cao H, Tan SK, Winterbourne L, Desai P, Mera R, Gaggar A, Myers RP, Brainard DM, Childs R, Flanigan T, ","BACKGROUND: Remdesivir, a nucleotide analogue prodrug that inhibits viral RNA polymerases, has shown in vitro activity against SARS-CoV-2. METHODS: We provided remdesivir on a compassionate-use basis to patients hospitalized with Covid-19, the illness caused by infection with SARS-CoV-2. Patients were those with confirmed SARS-CoV-2 infection who had an oxygen saturation of 94% or less while they were breathing ambient air or who were receiving oxygen support. Patients received a 10-day course of remdesivir, consisting of 200 mg administered intravenously on day 1, followed by 100 mg daily for the remaining 9 days of treatment. This report is based on data from patients who received remdesivir during the period from January 25, 2020, through March 7, 2020, and have clinical data for at least 1 subsequent day. RESULTS: Of the 61 patients who received at least one dose of remdesivir, data from 8 could not be analyzed (including 7 patients with no post-treatment data and 1 with a dosing error). Of the 53 patients whose data were analyzed, 22 were in the United States, 22 in Europe or Canada, and 9 in Japan. At baseline, 30 patients (57%) were receiving mechanical ventilation and 4 (8%) were receiving extracorporeal membrane oxygenation. During a median follow-up of 18 days, 36 patients (68%) had an improvement in oxygen-support class, including 17 of 30 patients (57%) receiving mechanical ventilation who were extubated. A total of 25 patients (47%) were discharged, and 7 patients (13%) died; mortality was 18% (6 of 34) among patients receiving invasive ventilation and 5% (1 of 19) among those not receiving invasive ventilation. CONCLUSIONS: In this cohort of patients hospitalized for severe Covid-19 who were treated with compassionate-use remdesivir, clinical improvement was observed in 36 of 53 patients (68%). Measurement of efficacy will require ongoing randomized, placebo-controlled trials of remdesivir therapy. (Funded by Gilead Sciences.)."
Manuscript,A Fibrosis-Independent Hepatic Transcriptomic Signature Identifies Novel Drivers of Disease Progression in Primary Sclerosing Cholangitis ,Yevgeniy Gindin / Kathy Zhou,"Gindin Y, Chung C, Jiang Z, Zhou JZ, Xu J, Billin A, Myers RP, Goodman Z, Landi A, Houghton M, Green RM",Hepatology,Published,PSC,LDTA,32745270.0,10.1002/hep.31488,,2020,Hepatology; 2020 Aug 03 .,"Gindin Y, Chung C, Jiang Z, Zhou JZ, Xu J, Billin A, Myers RP, Goodman Z, Landi A, Houghton M, Green RM, Levy C, Kowdley KV, Bowlus CL, Muir AJ, Trauner M, ","Primary sclerosing cholangitis (PSC) is a heterogeneous cholangiopathy characterized by progressive biliary fibrosis. RNA sequencing (RNA-Seq) of liver tissue from PSC patients (n=74) enrolled in a 96-week clinical trial was performed to identify associations between biological pathways that were independent of fibrosis and clinical events. The effect of fibrosis was subtracted from gene expression using a novel computational approach. The fibrosis-adjusted gene expression patterns were associated with time to first PSC-related clinical event (e.g. cholangitis, hepatic decompensation) and differential expression based on risk groups and Ingenuity Pathway Analysis (IPA) were performed. Baseline demographic data were representative of PSC: median age 48 years, 71% male, 49% with IBD, and 44% with bridging fibrosis or cirrhosis. The first principle component (PC1) of RNA-Seq data accounted for 18% of variance and correlated with fibrosis stage (rho=-0.80; P<0.001). After removing the effect of fibrosis-related genes, PC1 was not associated with fibrosis (rho=-0.19; P=0.11) and a semi-supervised clustering approach identified two distinct patient clusters with differential risk of time to first PSC-related event (P<0.0001). The two groups had similar fibrosis stage, hepatic collagen content and alpha-SMA expression by morphometry, ELF score, and serum liver biochemistry, bile acids, and IL-8 (all p>0.05). The top pathways identified by IPA were eIF2 signaling and regulation of eIF4/p70S6K signaling. Genes involved in the unfolded protein response (UPR), ATF6 and eIF2, were differentially expressed between the PSC clusters (down-regulated in the high-risk group by log-fold-changes of -0.18 [P=0.02] and -0.16 [P=0.02], respectively). Clinical events were enriched in the high versus low-risk group (38% [12/32] vs 2.4% [1/42], p<0.0001). Conclusions: Removing the contribution of fibrosis-related pathways uncovered alterations in the UPR, which were associated with liver-related complications in PSC."
Manuscript,Entospletinib in Combination With Induction Chemotherapy in Previously Untreated Acute Myeloid Leukemia: Response and Predictive Significance of HOXA9 and MEIS1,Jinfeng Liu,"Walker A, Byrd JC, Blachly JS, Bhatnagar B, Mims A, Orwick S, Lin TL, Crosswell HE, Zhang D, Minden MD, Munugalavadla V, Long L, Liu J, Pan Y, Oellerich T, Serve H, Rao AV, Blum WG",Clinical Cancer Research,Published,AML,Oncology,32820015.0,10.1158/1078-0432.CCR-20-1064,,2020,Clin. Cancer Res.; 2020 Aug 20 .,"Walker A, Byrd JC, Blachly JS, Bhatnagar B, Mims A, Orwick S, Lin TL, Crosswell HE, Zhang D, Minden MD, Munugalavadla V, Long L, Liu J, Pan Y, Oellerich T, Serve H, Rao AV, Blum WG, ","PURPOSE: Spleen tyrosine kinase (SYK) signaling is a proposed target in acute myeloid leukemia (AML). Sensitivity to SYK inhibition has been linked to HOXA9 and MEIS1 overexpression in preclinical studies. This trial evaluated the safety and efficacy of entospletinib, a selective inhibitor of SYK, in combination with chemotherapy in untreated AML. METHODS: This was an international multicenter phase 1b/2 study: entospletinib dose escalation (standard 3+3 design between 200 mg and 400 mg BID) + 7+3 (cytarabine + daunorubicin) in phase 1b, and entospletinib dose expansion (400 mg BID) + 7+3 in phase 2. RESULTS: Fifty-three patients (n=12 phase 1b, n=41 phase 2) with previously untreated de novo (n=39) or secondary (n=14) AML enrolled (58% male, median age 60 years). The composite complete response with entospletinib + 7+3 was 70%. Patients with baseline HOXA9 and MEIS1 expression higher than the median had improved overall survival compared to patients with below median HOXA9 and MEIS1 expression. Common adverse events were cytopenias, febrile neutropenia, and infection. There were no dose-limiting toxicities. Entospletinib-related skin rash and hyperbilirubinemia were also observed. CONCLUSION: Entosplentib with intensive chemotherapy was well tolerated in AML patients. Improved survival was observed in patients with HOXA9/MEIS1 overexpression, contrasting published data demonstrating poor survival in such patients. A randomized study will be necessary to determine whether entospletinib was a mediator this observation."
Manuscript,"DNA Methylation and Immune Cell Markers Demonstrate Evidence of Accelerated Aging in Patients with Chronic HBV or HCV, with or without HIV Co-Infection ",Yevgeniy Gindin,"Gindin Y, Gaggar A, Lok AS, Janssen HLA, Ferrari C, Subramanian, GM, Kottilil, S",Clincal Infectious Diseases,Published,HBV/HCV/HIV,Virology,,,,2020,,,
Manuscript,Hepatitis B virus (HBV) Diversity during Tenofovir Disoproxil Fumarate (TDF) Treatment and HBeAg Seroconversion in Adolescents with Chronic Hepatitis B by Full Length HBV Sequencing,Ondrej Podlaha,"Combet C, Bhardwaj N, Hedskog C, Podlaha O, Gaggar A, Murray KF, Mo H, Svarovskaia E, Zoulim F.",Clinical Infectious Diseases,Submitted,HBV/HCV/HIV,Virology,,,,2020,,,
Manuscript,"Vesatolimod, a toll-like receptor 7 agonist, induces immune activation in virally suppressed adults with HIV-1",Liao Zhang,"Riddler SA, Para M, Benson CA, Mills A, Ramgopal M, DeJesus E, Brinson C, Cyktor J, Jacobs J, Koontz D, Mellors J, Laird GM, Wrin T, Patel H, Guo S, Wallin J, Boice J, Zhang L, Humeniuk R, Begley R, German P, Graham H, Geleziunas R, Brainard DM, SenGupta D",Clinical Infectious Diseases,Submitted,HIV,Virology,,,,2020,,,
Manuscript,"Concordance between endoscopic, histologic, and pharmacodynamic response to treatment with JAK1 inhibitor filgotinib in patients with Crohn’s disease: Results from the FITZROY Study",OhKyu Yoon,"Reinisch W, Hébuterne X, Kühbacher T, Kłopocka M, Petryka R, Roblin X, Brodbeck J, Etchevers K, Galien R, Grant E, Tasset C, Yoon OK, Zaboli S, Serone A, Vermeire S",Gastroenterology,In preparation,IBD,Inflammation,,,,2020,,,
Manuscript,Effects of JAK1 inhibitor filgotinib on circulating cytokines and whole-blood genes/pathways of patients with moderately to severely active Crohn’s Disease (CD).,"OhKyu Yoon, Luting Zhuo","Roblin X, Serone A, Yoon OK, Zhuo L, Grant E, Woo J, Liu J, Galien R, D’Haens G",Inflammatory Bowel Diseases,In preparation,IBD,Inflammation,,,,2020,,,
Manuscript,Phase 1b Study of Tirabrutinib in Combination with Idelalisib or Entospletinib in Previously Treated B-cell Lymphoma,Biao Li,"Morschhauser F, Dyer MJ, Walter HS, Danilov AV, Ysebaert L, Hodson DJ, Fegan C, Kio E, Rule S, Radford J, Cartron G, Bouabdallah K, Davies AJ, Spurgeon S, Rajakumaraswamy N, Li B, Humeniuk R, Huang X, Bhargava P, Jürgensmeier JM, Salles G",Leukemia,Submitted,B-cell Lymphoma,Oncology,,,2020_Leukemia_draft_BTK.pdf,2020,,,
Oral presentation,Filgotinib treatment leads to rapid and sustained reductions in inflammatory biomarkers in patients with moderate to severe psoriatic arthritis,Vlad Malkov,"Gladman D, Jiang W, Hertz A, Malkov V, Yoon O, Trivedi M, Alani M, Vestergaard L, Besuyen R, Galien R, Mirza A, Chandran V",EULAR 2020,Published,PsA,Inflammation,,,2020_EULAR_EQUATOR_PsA_oral_presentation,2020,,,
Oral presentation,Molecular profiling of peripheral immune cell subsets in patients with rheumatoid arthritis,Jinfeng Liu,"Taylor PC, Liu J, Zhuo L, Tian Y, Snyder T, Kim C, Kheradpour P, Drake K, Kim S, Hawtin RE",EULAR 2020,Published,RA,Inflammation,,,2020_EULAR_presentation_verily_baseline.pptx,2020,,,
Oral presentation,Vesatolimod induces dose-dependent immune responses in HIV controllers,Liao Zhang,"Wallin J, Boice J, Zhang L, McDonald C, Podlaha O, Shweh P, Ramgopal M, Brinson C, DeJesus E, Mills A, Shalit P, Deeks S, Milush J, Ferre A, Shacklett B, Brainard D, SenGupta D
",AIDS 2020,Published,HIV,Virology,,,,2020,,,
Oral presentation,Transcriptome analysis of paired liver biopsies identifies correlates of HBsAg response in placebo and TDF treated CHB patients,Ondrej Podlaha,"Hsu Y , Chen D, Suri V, Wallin J, Zhou JZ, Tseng C, Huang Y, Subramanian M, Gaggar A, Podlaha O",EASL 2020,Accepted,HBV,Virology,,,,2020,,,
Poster,Filgotinib decreases molecular markers of JAK1 signal transduction in Crohn’s disease: Concordance with endoscopy and histopathology.,OhKyu Yoon,"Reinisch W, Brodbeck J, Galien R, Grant E, Hébuterne X, Klopocka M, Petryka R, Roblin X, Serone A, Tasset C, Yoon OK, Zaboli S, Vermeire S",DDW 2020,Published,IBD,Inflammation,,,2020_DDW_Poster_FITZROY_pSTAT.pdf,2020,,,
Poster,Effects of JAK1-selective inhibitor filgotinib on circulating cytokines and whole-blood genes/pathways of patients with moderately to severely active Crohn's Disease,"OhKyu Yoon, Luting Zhuo","Roblin X, Serone A, Yoon OK, Zhuo L, Grant E, Woo J, Liu J, Galien R, D’Haens G",DDW 2020,Published,IBD,Inflammation,,,2020_DDW_Poster_FITZROY_Circulating.pdf,2020,,,
Poster,Filgotinib decreases molecular markers of JAK1 signal transduction in Crohn’s disease: Concordance with endoscopy and histopathology.,OhKyu Yoon,"Reinisch W, Brodbeck J, Galien R, Grant E, Hébuterne X, Klopocka M, Petryka R, Roblin X, Serone A, Tasset C, Yoon OK, Zaboli S, Vermeire S",ECCO 2020,Published,IBD,Inflammation,,,2020_ECCO_Poster_FITZROY_pSTAT.pdf,2020,,,
Poster,Effects of JAK1-selective inhibitor filgotinib on circulating cytokines and whole-blood genes/pathways of patients with moderately to severely active Crohn's Disease,"OhKyu Yoon, Luting Zhuo","Roblin X, Serone A, Yoon OK, Zhuo L, Grant E, Woo J, Liu J, Galien R, D’Haens G",ECCO 2020,Published,IBD,Inflammation,,,2020_ECCO_5622_Poster_FITZROY_Circulating.pdf,2020,,,
Poster,Filgotinib treatment results in reduction of biomarkers associated with disease in patients with ankylosing spondylitis,Yuan Tian,"Maksymowych WP, Tian Y, Yoon OK, Barchuk W, Galien R, Besuyen R, Liu Y, Mirza AM, Malkov V, Hertz A",EULAR 2020,Published,AS,Inflammation,,,2020_EULAR_AS_TORTUGA_poster.pdf,2020,,,
Poster,Whole blood transcriptional changes following selective inhibition of janus kinase 1 (JAK1) by filgotinib in adults with moderately-to-severely active rheumatoid arthritis with prior inadequate response to methotrexate (FINCH1),Bryan Downie,"Taylor PC, Downie BR, Elboudwarej E, Kim S, Hertz A, Mirza AM, Siegel J, Hawtin RE, Liu J",EULAR 2020,Published,RA,Inflammation,,,GIL [7482] EULAR 2020 FINCH-1 Transcriptomics poster_HR.pdf,2020,,,
Poster,Whole blood transcriptional changes following selective inhibition of janus kinase 1 (JAK1) by filgotinib in methotrexate-naïve adults with moderately-to-severely active rheumatoid arthritis (FINCH3),Bryan Downie,"Taylor PC, Downie BR, Elboudwarej E, Kim S, Hertz A, Mirza AM, Siegel J, Hawtin RE, Liu J",EULAR 2020,Published,RA,Inflammation,,,GIL [7483] EULAR 2020 FINCH-3 Transcriptomics poster_HR.pdf,2020,,,
Poster,Peripheral protein biomarker changes following selective inhibition of Janus kinase 1 (JAK1) by filgotinib in adults with moderately-to-severely active rheumatoid arthritis with prior inadequate response to methotrexate (FINCH 1),Emon Elboudwarej,"Taylor PC, Elboudwarej E, Downie BR, Liu J, Hawtin RE, Mirza AM",EULAR 2020,Published,RA,Inflammation,,,GIL [7480] EULAR 2020 Cytokines from FINCH1 poster_HR.pdf,2020,,,
Poster,Peripheral protein biomarker changes following selective inhibition of Janus kinase 1 (JAK1) by filgotinib in methotrexate naïve adults with moderately-to-severely active rheumatoid arthritis (FINCH3),Emon Elboudwarej,"Taylor PC, Elboudwarej E, Downie BR, Liu J, Hawtin RE, Mirza AM",EULAR 2020,Published,RA,Inflammation,,,GIL [7481] EULAR 2020 Cytokines from FINCH3 Poster_HR3.pdf,2020,,,
Poster,Racial/ethnic Disparities Not Observed in Clinical Outcomes with Remdesivir Treatment ,"Emon Elboudwarej, Yuan Tian","Mullane K, Criner G, Richterman AG, Nahass RF, Jain M, Aberg J, Gottlieb RL, Elboudwarej E, Tian Y, SenGupta D, Hyland RH, Chokkalingam AP, Osinusi AO,  Brainard DM, Towner W",International AIDS Society 2020,Published,COVID-19,Virology,,,IAS-RDV-SIMPLE trial 5773 - Race-specific safety and clinical outcomes- Mullane COVID-19,2020,,,
Poster,Association Between Concomitant Hydroxychloroquine Use and Safety and Efficacy of Remdesivir in Severe COVID-19 Patients,"Emon Elboudwarej, Yuan Tian","Diaz G, Cattelan AM, Balani B, Arribas JR, Tashima KT,  Gottlieb RL, Sanyal AJ, Elboudwarej E, Tian Y, Tan SK, Cao H, Gaggar G, Chokkalingam AP, Osinusi AO, Brainard DM, Goldman JD ",International AIDS Society 2020,Published,COVID-19,Virology,,,"IAS-RDV-SIMPLE trial 5773 - Hydroxychloroquine, Safety and clinical outcomes - Diaz COVID-19",2020,,,
Poster,Intracellular phospho-flow reveals novel insights to pathway modulation by tirabrutinib in combination with entospletinib and obinutuzumab,Biao Li,"Yang X, Wehrman T, Laboriante J, Li B, Kutsch N, Pallasch C, Eichhorst B, Jürgensmeier JM",AACR 2020,Accepted,B-cell Lymphoma,Oncology,,,2020_AACR_poster_BTK_phospho.pdf,2020,,,
Poster,"Peripheral Soluble Protein, PBMC Transcriptomic and Methylation Biomarkers Associated with HBsAg Loss in Patients with Chronic Hepatitis B",Ondrej Podlaha,"Chen D, Li R, Kim S, Gindin Y, Suri V, Podlaha O, Li L, Gaggar A, Wallin J",EASL 2020,Accepted,HBV,Virology,,,,2020,,,
Poster,Potential biomarkers of response in chronic hepatitis B patients who achieved HBeAg loss upon treatment with toll-like receptor 8 agonist selgantolimod,Ondrej Podlaha,"Chen D, Kim S, Brooks A, Zhang L, Podlaha O, Yang J,Gaggar A, Dunbar R, Wallin J",EASL 2020,Accepted,HBV,Virology,,,,2020,,,
Poster,Clonal amplification of peripheral B and T cells is associated with clinical response to checkpoint blockade in chronic hepatitis B,Circe McDonald,"Wallin J, Chen D, McDonald C, Kim S, Chang C, Lin J, Yang X, Podlaha O, Patterson S, Gane E, Dunbar R, Gaggar A",AASLD 2020,Accepted,HBV,Virology,,,,2020,,,
Poster,Characterization of Cytokine Response to Toll-Like Receptor 8 Agonist Selgantolimod (SLGN) in Viremic and Virally Suppressed Chronic Hepatitis B (CHB) Patients,Circe McDonald,"Chen D, McDonald C, Tan S, Yang J, Wallin J",AASLD 2020,Accepted,HBV,Virology,,,,2020,,,
Oral presentation,Tenofovir dDisoproxil fFumarate (TDF) treatment reduces the number of transcriptionally active viral integrations in chronically infected HBV patients. ,Ondrej Podlaha,"Hsu Y, Suri V, Jiang Z, Huang Y, Tseng C, Podlaha O",AASLD 2020,Accepted,HBV,Virology,,,,2020,,,
Abstract,The toll-like receptor 8 (TLR8) agonist GS-9688 induces a dose-dependent immune response in chronic hepatitis B patients,Ondrej Podlaha,"Wallin J, Chen D, Podlaha O, Kim S, Yi PC, Liang H, Poonia B, Brooks A, Gaggar A, Dunbar R, Yang J",APASL 2020,Submitted,HBV,Virology,,,,2020,,,
Poster,Hepatic Transcriptomic Analysis Identifies a Mast Cell Gene Expression Signature That Correlates With Fibrosis Stage and Is Prognostic in Patients With Primary Sclerosing Cholangitis,Yevgeniy Gindin,"Trauner MH, Gindin Y, Zhou JZ, Xu J, Lu X, Billin AN, Chung C, Subramanian GM, Myers RP, Goodman Z, Muir AJ, Thorburn D, Bowlus CL, Levy C,Kowdley KV",EASL 2020,Accepted,PSC,LDTA,,,Trauner170 EASL2020.pdf,2020,,,
Poster,Improvements in the ELF Test Are Associated With Widespread Changes in the Hepatic Transcriptome in Patients With Advanced Fibrosis Due to Nonalcoholic Steatohepatitis,Yevgeniy Gindin,"Younossi ZM, Anstee QM, Harrison SA, Trauner MH, Lawitz EJ, Wong VWS, Okanoue T, Romero-Gomez M, Alazawi W,  Gindin Y, Zhou JZ, Camargo M, Kersey K, Chung C, Subramanian GM, Myers RP, Goodman Z, Loomba R, Rosenberg W, Sanyal AJ",EASL 2020,Accepted,PSC,LDTA,,,Younossi EASL2020.pdf,2020,,,
Poster,Removal of Fibrosis-Related Genes Identifies a Hepatic Gene Expression Signature That Identifies Canonical Signaling Pathways and Is Correlated With Clinical Outcomes in Patients With Primary Sclerosing Cholangitis,Yevgeniy Gindin,"Trauner MH, Gindin Y, Zhou JZ, Huss R, Chung C, Subramanian GM, Myers RP, Goodman Z, Bowlus CL, Levy C, Muir AJ,  Manns M",EASL 2020,Accepted,PSC,LDTA,,,Trauner EASL2020.pdf,2020,,,
Oral presentation,A Random Forest Classifer Based on a 30-Gene Signature Distinguishes Patients with Bridging Fibrosis From Those with Cirrhosis Due to NASH,Yevgeniy Gindin,"Gindin Y, Chuang J, Billin A, Camargo M, Huss R, Chung C, Myers RP, Younossi Z, Harrison SA , Anstee QM, Sanyal AJ, Loomba R",AASLD 2020,Accepted,NASH,LDTA,,,,2020,,,
Poster,Identification of Cancer Hallmarks Associated with Benefit in Advanced Gastroesophageal Adenocarcinoma Patients Treated with Checkpoint Blockade,Emon Elboudwarej,"Elboudwarej E, Brachmann CB, Catenacci D, Cunningham D, Van Cutsem E, Kennedy R, Lambe S, Logan G, Metges JP, Muro K, Satoh T, Takashima A, Wainberg ZA, Walker S, Yamaguchi K, Zavodovskaya M, Patterson S, Bhargava P, Boku N, Shah M",ASCO GI 2020,Published,Gastric Cancer,Oncology,,,2020 ASCO GI - Andecaliximab - Cancer Hallmarks - Poster,2020,,,
